{"cameraMode":{"drawMode":0,"name":"Shaded","section":"Shading Mode"},"sceneLighting":false,"audioPlay":false,"sceneViewState":{"showFog":true,"showMaterialUpdate":false,"showSkybox":true,"showFlares":true,"showImageEffects":true,"showParticleSystems":true},"in2DMode":false,"pivot":{"x":2.76200008392334,"y":1.2999999523162842,"z":-3.950000047683716},"rotation":{"x":-0.09380161762237549,"y":-0.21919409930706025,"z":0.02117648720741272,"w":-0.9709309339523315},"size":1.6424227952957154,"orthographic":false}