{"cameraMode":{"drawMode":0,"name":"Shaded","section":"Shading Mode"},"sceneLighting":true,"audioPlay":false,"sceneViewState":{"showFog":true,"showMaterialUpdate":false,"showSkybox":true,"showFlares":true,"showImageEffects":true,"showParticleSystems":true},"in2DMode":false,"pivot":{"x":-1.1185569763183594,"y":1.2240856885910035,"z":1.4829258918762208},"rotation":{"x":0.09830674529075623,"y":0.12415342032909394,"z":-0.012867126613855362,"w":0.9872974753379822},"size":1.4633113145828248,"orthographic":true}