{"cameraMode":{"drawMode":0,"name":"Shaded","section":"Shading Mode"},"sceneLighting":true,"audioPlay":false,"sceneViewState":{"showFog":true,"showMaterialUpdate":false,"showSkybox":true,"showFlares":true,"showImageEffects":true,"showParticleSystems":true},"in2DMode":false,"pivot":{"x":-1.8140000104904175,"y":0.9330000281333923,"z":-0.6890000104904175},"rotation":{"x":0.2832631766796112,"y":0.3854725956916809,"z":-0.12621234357357026,"w":0.8690474033355713},"size":0.40750089287757876,"orthographic":true}