{"cameraMode":{"drawMode":0,"name":"Shaded","section":"Shading Mode"},"sceneLighting":false,"audioPlay":false,"sceneViewState":{"showFog":true,"showMaterialUpdate":false,"showSkybox":true,"showFlares":true,"showImageEffects":true,"showParticleSystems":true},"in2DMode":false,"pivot":{"x":-1.8140000104904175,"y":0.9330000281333923,"z":-0.6890000104904175},"rotation":{"x":-0.07913265377283097,"y":0.8871564269065857,"z":-0.16584886610507966,"w":-0.4233033061027527},"size":0.40750089287757876,"orthographic":false}