{"cameraMode":{"drawMode":0,"name":"Shaded","section":"Shading Mode"},"sceneLighting":true,"audioPlay":false,"sceneViewState":{"showFog":true,"showMaterialUpdate":false,"showSkybox":true,"showFlares":true,"showImageEffects":true,"showParticleSystems":true},"in2DMode":false,"pivot":{"x":-1.4509267807006837,"y":0.2144722044467926,"z":0.9847573041915894},"rotation":{"x":0.21165405213832856,"y":0.01665075123310089,"z":-0.0041123488917946819,"w":0.9771941304206848},"size":3.6327414512634279,"orthographic":true}