{"cameraMode":{"drawMode":0,"name":"Shaded","section":"Shading Mode"},"sceneLighting":false,"audioPlay":false,"sceneViewState":{"showFog":true,"showMaterialUpdate":false,"showSkybox":true,"showFlares":true,"showImageEffects":true,"showParticleSystems":true},"in2DMode":false,"pivot":{"x":4.470348358154297e-8,"y":-0.03722736984491348,"z":-2.9802322387695315e-8},"rotation":{"x":-0.19512750208377839,"y":0.06379569321870804,"z":-0.012721012346446514,"w":-0.9786182045936585},"size":0.3844328224658966,"orthographic":false}