{"cameraMode":{"drawMode":0,"name":"Shaded","section":"Shading Mode"},"sceneLighting":false,"audioPlay":false,"sceneViewState":{"showFog":true,"showMaterialUpdate":false,"showSkybox":true,"showFlares":true,"showImageEffects":true,"showParticleSystems":true},"in2DMode":false,"pivot":{"x":1.9800000190734864,"y":1.2599999904632569,"z":-3.286984920501709},"rotation":{"x":-0.2443402111530304,"y":0.08481460809707642,"z":-0.021458551287651063,"w":-0.9657348990440369},"size":5.857884883880615,"orthographic":false}