{"cameraMode":{"drawMode":0,"name":"Shaded","section":"Shading Mode"},"sceneLighting":false,"audioPlay":false,"sceneViewState":{"showFog":true,"showMaterialUpdate":false,"showSkybox":true,"showFlares":true,"showImageEffects":true,"showParticleSystems":true},"in2DMode":false,"pivot":{"x":2.76200008392334,"y":1.2999999523162842,"z":-3.950000047683716},"rotation":{"x":-0.2443402111530304,"y":0.08481460809707642,"z":-0.021458551287651063,"w":-0.9657348990440369},"size":7.847240447998047,"orthographic":false}