{"cameraMode":{"drawMode":0,"name":"Shaded","section":"Shading Mode"},"sceneLighting":false,"audioPlay":false,"sceneViewState":{"showFog":true,"showMaterialUpdate":false,"showSkybox":true,"showFlares":true,"showImageEffects":true,"showParticleSystems":true},"in2DMode":false,"pivot":{"x":2.76200008392334,"y":1.2999999523162842,"z":-3.950000047683716},"rotation":{"x":-0.1317281574010849,"y":-0.4999472200870514,"z":0.07725319266319275,"w":-0.8524860739707947},"size":1.6424227952957154,"orthographic":false}